Workbook

Sheet Employees
A1: No | B1: First Name | C1: Last Name | D1: Employee Name | E1: Gender | F1: Start Date | G1: Years | H1: Department | I1: Country | J1: Center | K1: Monthly Salary | L1: Annual Salary | M1: Job Rate | N1: Sick Leaves | O1: Unpaid Leaves | P1: Overtime Hours | Q1: Bonus Eligibility
A2: 1 | B2: Ghadir | C2: Hmshw | D2: =_xlfn.TEXTJOIN(" ",TRUE,Employees_Data[[#This Row],[First Name]],Employees_Data[[#This Row],[Last Name]]) -> Ghadir Hmshw | E2: Male | F2: 43194 | G2: =DATEDIF(Employees!$F2,TODAY(),"Y") -> 8 | H2: Quality Control | I2: Egypt | J2: West | K2: 1560 | L2: 18720 | M2: 3 | N2: 1 | O2: 0 | P2: 183 | Q2: =IF(AND(G2>=5,M2>=3,OR(P2>50,K2>7000)),"Eligible","Not Eligible") -> Eligible
A3: 2 | B3: Omar | C3: Hishan | D3: =_xlfn.TEXTJOIN(" ",TRUE,Employees_Data[[#This Row],[First Name]],Employees_Data[[#This Row],[Last Name]]) -> Omar Hishan | E3: Male | F3: 43972 | G3: =DATEDIF(Employees!$F3,TODAY(),"Y") -> 6 | H3: Quality Control | I3: Saudi Arabia | J3: West | K3: 3247 | L3: 38964 | M3: 1 | N3: 0 | O3: 5 | P3: 198 | Q3: =IF(AND(G3>=5,M3>=3,OR(P3>50,K3>7000)),"Eligible","Not Eligible") -> Not Eligible
A4: 3 | B4: Ailya | C4: Sharaf | D4: =_xlfn.TEXTJOIN(" ",TRUE,Employees_Data[[#This Row],[First Name]],Employees_Data[[#This Row],[Last Name]]) -> Ailya Sharaf | E4: Female | F4: 43006 | G4: =DATEDIF(Employees!$F4,TODAY(),"Y") -> 9 | H4: Major Mfg Projects | I4: Saudi Arabia | J4: West | K4: 2506 | L4: 30072 | M4: 2 | N4: 0 | O4: 3 | P4: 192 | Q4: =IF(AND(G4>=5,M4>=3,OR(P4>50,K4>7000)),"Eligible","Not Eligible") -> Not Eligible
A5: 4 | B5: Lwiy | C5: Qbany | D5: =_xlfn.TEXTJOIN(" ",TRUE,Employees_Data[[#This Row],[First Name]],Employees_Data[[#This Row],[Last Name]]) -> Lwiy Qbany | E5: Male | F5: 43326 | G5: =DATEDIF(Employees!$F5,TODAY(),"Y") -> 8 | H5: Manufacturing | I5: United Arab Emirates | J5: Main | K5: 1828 | L5: 21936 | M5: 3 | N5: 0 | O5: 0 | P5: 7 | Q5: =IF(AND(G5>=5,M5>=3,OR(P5>50,K5>7000)),"Eligible","Not Eligible") -> Not Eligible
A6: 5 | B6: Ahmad | C6: Bikri | D6: =_xlfn.TEXTJOIN(" ",TRUE,Employees_Data[[#This Row],[First Name]],Employees_Data[[#This Row],[Last Name]]) -> Ahmad Bikri | E6: Male | F6: 43901 | G6: =DATEDIF(Employees!$F6,TODAY(),"Y") -> 6 | H6: Manufacturing | I6: Egypt | J6: Main | K6: 970 | L6: 11640 | M6: 5 | N6: 0 | O6: 5 | P6: 121 | Q6: =IF(AND(G6>=5,M6>=3,OR(P6>50,K6>7000)),"Eligible","Not Eligible") -> Eligible
A7: 6 | B7: Muhamad | C7: Zueitr | D7: =_xlfn.TEXTJOIN(" ",TRUE,Employees_Data[[#This Row],[First Name]],Employees_Data[[#This Row],[Last Name]]) -> Muhamad Zueitr | E7: Male | F7: 42402 | G7: =DATEDIF(Employees!$F7,TODAY(),"Y") -> 10 | H7: Product Development | I7: Saudi Arabia | J7: North | K7: 2332 | L7: 27984 | M7: 3 | N7: 3 | O7: 0 | P7: 8 | Q7: =IF(AND(G7>=5,M7>=3,OR(P7>50,K7>7000)),"Eligible","Not Eligible") -> Not Eligible
A8: 7 | B8: Iin | C8: Alhalaliu | D8: =_xlfn.TEXTJOIN(" ",TRUE,Employees_Data[[#This Row],[First Name]],Employees_Data[[#This Row],[Last Name]]) -> Iin Alhalaliu | E8: Female | F8: 43959 | G8: =DATEDIF(Employees!$F8,TODAY(),"Y") -> 6 | H8: Sales | I8: United Arab Emirates | J8: Main | K8: 1959 | L8: 23508 | M8: 3 | N8: 6 | O8: 0 | P8: 116 | Q8: =IF(AND(G8>=5,M8>=3,OR(P8>50,K8>7000)),"Eligible","Not Eligible") -> Eligible
A9: 8 | B9: Muhamad | C9: Alaya | D9: =_xlfn.TEXTJOIN(" ",TRUE,Employees_Data[[#This Row],[First Name]],Employees_Data[[#This Row],[Last Name]]) -> Muhamad Alaya | E9: Male | F9: 43141 | G9: =DATEDIF(Employees!$F9,TODAY(),"Y") -> 8 | H9: Account Management | I9: Egypt | J9: Main | K9: 3394 | L9: 40728 | M9: 5 | N9: 0 | O9: 0 | P9: 7 | Q9: =IF(AND(G9>=5,M9>=3,OR(P9>50,K9>7000)),"Eligible","Not Eligible") -> Not Eligible
A10: 9 | B10: Susin | C10: Almilat | D10: =_xlfn.TEXTJOIN(" ",TRUE,Employees_Data[[#This Row],[First Name]],Employees_Data[[#This Row],[Last Name]]) -> Susin Almilat | E10: Female | F10: 43170 | G10: =DATEDIF(Employees!$F10,TODAY(),"Y") -> 8 | H10: Green Building | I10: Egypt | J10: North | K10: 1479 | L10: 17748 | M10: 4.5 | N10: 0 | O10: 0 | P10: 105 | Q10: =IF(AND(G10>=5,M10>=3,OR(P10>50,K10>7000)),"Eligible","Not Eligible") -> Eligible
A11: 10 | B11: Muhamad | C11: Alrifaei | D11: =_xlfn.TEXTJOIN(" ",TRUE,Employees_Data[[#This Row],[First Name]],Employees_Data[[#This Row],[Last Name]]) -> Muhamad Alrifaei | E11: Male | F11: 43833 | G11: =DATEDIF(Employees!$F11,TODAY(),"Y") -> 6 | H11: Account Management | I11: Egypt | J11: Main | K11: 1186 | L11: 14232 | M11: 4.5 | N11: 1 | O11: 0 | P11: 153 | Q11: =IF(AND(G11>=5,M11>=3,OR(P11>50,K11>7000)),"Eligible","Not Eligible") -> Eligible
A12: 11 | B12: Muhamad | C12: Alqadah | D12: =_xlfn.TEXTJOIN(" ",TRUE,Employees_Data[[#This Row],[First Name]],Employees_Data[[#This Row],[Last Name]]) -> Muhamad Alqadah | E12: Male | F12: 43116 | G12: =DATEDIF(Employees!$F12,TODAY(),"Y") -> 8 | H12: Manufacturing | I12: Syria | J12: Main | K12: 1485 | L12: 17820 | M12: 2 | N12: 5 | O12: 0 | P12: 12 | Q12: =IF(AND(G12>=5,M12>=3,OR(P12>50,K12>7000)),"Eligible","Not Eligible") -> Not Eligible
A13: 12 | B13: Muhamad | C13: Iad | D13: =_xlfn.TEXTJOIN(" ",TRUE,Employees_Data[[#This Row],[First Name]],Employees_Data[[#This Row],[Last Name]]) -> Muhamad Iad | E13: Male | F13: 43300 | G13: =DATEDIF(Employees!$F13,TODAY(),"Y") -> 8 | H13: IT | I13: Egypt | J13: Main | K13: 2016 | L13: 24192 | M13: 1 | N13: 2 | O13: 0 | P13: 70 | Q13: =IF(AND(G13>=5,M13>=3,OR(P13>50,K13>7000)),"Eligible","Not Eligible") -> Not Eligible
... A690: 689 | B690: Abd Albasit | C690: AlAhmar | D690: =_xlfn.TEXTJOIN(" ",TRUE,Employees_Data[[#This Row],[First Name]],Employees_Data[[#This Row],[Last Name]]) -> Abd Albasit AlAhmar | E690: Male | F690: 44048 | G690: =DATEDIF(Employees!$F690,TODAY(),"Y") -> 6 | H690: IT | I690: United Arab Emirates | J690: North | K690: 2606 | L690: 31272 | M690: 5 | N690: 0 | O690: 0 | P690: 0 | Q690: =IF(AND(G690>=5,M690>=3,OR(P690>50,K690>7000)),"Eligible","Not Eligible") -> Not Eligible

Sheet Lookup Practice
A1: Q1: | F1: Q2: | K1: Q3:
A2: A manager wants to review compensation (Salary) for the following employees Using Vlookup, return the following: | F2: The HR department needs to identify where employees are located. Using Xlookup, retrieve the following information: | K2: Sometimes HR receives an employee's name instead of their employee number. Using Xlookup, find the following information:
A3: Employee No | B3: Employee Name | C3: Monthly Salary | D3: Job Rate | F3: Employee No | G3: Employee Name | H3: Country | I3: Center | K3: First Name | L3: Job Rate | M3: Department | N3: Annual Salary
A4: 12 | B4: =VLOOKUP(A4,Employees_Data[#All],4,FALSE) -> Muhamad Iad | C4: =VLOOKUP(A4,Employees_Data[#All],11,FALSE) -> 2016 | D4: =VLOOKUP(A4,Employees_Data[#All],13,FALSE) -> 1 | F4: 55 | G4: =_xlfn.XLOOKUP(F4,Employees!$A:$A,Employees!$D:$D,"Not Found",0) -> Eubay Alttahir | H4: =_xlfn.XLOOKUP(F4,Employees!$A:$A,Employees!$I:$I,"Not Found",0) -> Egypt | I4: =_xlfn.XLOOKUP(F4,Employees!$A:$A,Employees!$J:$J,"Not Found",0) -> North | K4: Dijwar | L4: =_xlfn.XLOOKUP(K4,Employees!$B:$B,Employees!$M:$M,"Not Found",0) -> 5 | M4: =_xlfn.XLOOKUP(K4,Employees!$B:$B,Employees!$H:$H,"Not Found",0) -> Product Development | N4: =_xlfn.XLOOKUP(K4,Employees!$B:$B,Employees!$L:$L,"Not Found",0) -> 8928
A5: 64 | B5: =VLOOKUP(A5,Employees_Data[#All],4,FALSE) -> Ahmad Alealbi | C5: =VLOOKUP(A5,Employees_Data[#All],11,FALSE) -> 2304 | D5: =VLOOKUP(A5,Employees_Data[#All],13,FALSE) -> 5 | F5: 5 | G5: =_xlfn.XLOOKUP(F5,Employees!$A:$A,Employees!$D:$D,"Not Found",0) -> Ahmad Bikri | H5: =_xlfn.XLOOKUP(F5,Employees!$A:$A,Employees!$I:$I,"Not Found",0) -> Egypt | I5: =_xlfn.XLOOKUP(F5,Employees!$A:$A,Employees!$J:$J,"Not Found",0) -> Main | K5: Jawaher | L5: =_xlfn.XLOOKUP(K5,Employees!$B:$B,Employees!$M:$M,"Not Found",0) -> 5 | M5: =_xlfn.XLOOKUP(K5,Employees!$B:$B,Employees!$H:$H,"Not Found",0) -> Quality Assurance | N5: =_xlfn.XLOOKUP(K5,Employees!$B:$B,Employees!$L:$L,"Not Found",0) -> 40968
A6: 87 | B6: =VLOOKUP(A6,Employees_Data[#All],4,FALSE) -> Muhamad Khayr | C6: =VLOOKUP(A6,Employees_Data[#All],11,FALSE) -> 1166 | D6: =VLOOKUP(A6,Employees_Data[#All],13,FALSE) -> 5 | F6: 33 | G6: =_xlfn.XLOOKUP(F6,Employees!$A:$A,Employees!$D:$D,"Not Found",0) -> Muhamad Eurul | H6: =_xlfn.XLOOKUP(F6,Employees!$A:$A,Employees!$I:$I,"Not Found",0) -> Egypt | I6: =_xlfn.XLOOKUP(F6,Employees!$A:$A,Employees!$J:$J,"Not Found",0) -> North | K6: Farahad | L6: =_xlfn.XLOOKUP(K6,Employees!$B:$B,Employees!$M:$M,"Not Found",0) -> 3 | M6: =_xlfn.XLOOKUP(K6,Employees!$B:$B,Employees!$H:$H,"Not Found",0) -> Quality Control | N6: =_xlfn.XLOOKUP(K6,Employees!$B:$B,Employees!$L:$L,"Not Found",0) -> 15540
A7: 18 | B7: =VLOOKUP(A7,Employees_Data[#All],4,FALSE) -> Farahad Husayn | C7: =VLOOKUP(A7,Employees_Data[#All],11,FALSE) -> 1295 | D7: =VLOOKUP(A7,Employees_Data[#All],13,FALSE) -> 3 | F7: 11 | G7: =_xlfn.XLOOKUP(F7,Employees!$A:$A,Employees!$D:$D,"Not Found",0) -> Muhamad Alqadah | H7: =_xlfn.XLOOKUP(F7,Employees!$A:$A,Employees!$I:$I,"Not Found",0) -> Syria | I7: =_xlfn.XLOOKUP(F7,Employees!$A:$A,Employees!$J:$J,"Not Found",0) -> Main | K7: Layzaan | L7: =_xlfn.XLOOKUP(K7,Employees!$B:$B,Employees!$M:$M,"Not Found",0) -> 3 | M7: =_xlfn.XLOOKUP(K7,Employees!$B:$B,Employees!$H:$H,"Not Found",0) -> Facilities/Engineering | N7: =_xlfn.XLOOKUP(K7,Employees!$B:$B,Employees!$L:$L,"Not Found",0) -> 24204
A8: 33 | B8: =VLOOKUP(A8,Employees_Data[#All],4,FALSE) -> Muhamad Eurul | C8: =VLOOKUP(A8,Employees_Data[#All],11,FALSE) -> 1551 | D8: =VLOOKUP(A8,Employees_Data[#All],13,FALSE) -> 1 | F8: 8 | G8: =_xlfn.XLOOKUP(F8,Employees!$A:$A,Employees!$D:$D,"Not Found",0) -> Muhamad Alaya | H8: =_xlfn.XLOOKUP(F8,Employees!$A:$A,Employees!$I:$I,"Not Found",0) -> Egypt | I8: =_xlfn.XLOOKUP(F8,Employees!$A:$A,Employees!$J:$J,"Not Found",0) -> Main | K8: Almuthanaa | L8: =_xlfn.XLOOKUP(K8,Employees!$B:$B,Employees!$M:$M,"Not Found",0) -> 5 | M8: =_xlfn.XLOOKUP(K8,Employees!$B:$B,Employees!$H:$H,"Not Found",0) -> Account Management | N8: =_xlfn.XLOOKUP(K8,Employees!$B:$B,Employees!$L:$L,"Not Found",0) -> 30876
A9: 2 | B9: =VLOOKUP(A9,Employees_Data[#All],4,FALSE) -> Omar Hishan | C9: =VLOOKUP(A9,Employees_Data[#All],11,FALSE) -> 3247 | D9: =VLOOKUP(A9,Employees_Data[#All],13,FALSE) -> 1 | F9: 104 | G9: =_xlfn.XLOOKUP(F9,Employees!$A:$A,Employees!$D:$D,"Not Found",0) -> Rami Abu Adhan | H9: =_xlfn.XLOOKUP(F9,Employees!$A:$A,Employees!$I:$I,"Not Found",0) -> Syria | I9: =_xlfn.XLOOKUP(F9,Employees!$A:$A,Employees!$J:$J,"Not Found",0) -> Main | K9: Batual | L9: =_xlfn.XLOOKUP(K9,Employees!$B:$B,Employees!$M:$M,"Not Found",0) -> 1 | M9: =_xlfn.XLOOKUP(K9,Employees!$B:$B,Employees!$H:$H,"Not Found",0) -> Manufacturing | N9: =_xlfn.XLOOKUP(K9,Employees!$B:$B,Employees!$L:$L,"Not Found",0) -> 29616
A10: 24 | B10: =VLOOKUP(A10,Employees_Data[#All],4,FALSE) -> Ahmad Ahmad | C10: =VLOOKUP(A10,Employees_Data[#All],11,FALSE) -> 2682 | D10: =VLOOKUP(A10,Employees_Data[#All],13,FALSE) -> 4.5 | F10: 49 | G10: =_xlfn.XLOOKUP(F10,Employees!$A:$A,Employees!$D:$D,"Not Found",0) -> Rim Almusaa | H10: =_xlfn.XLOOKUP(F10,Employees!$A:$A,Employees!$I:$I,"Not Found",0) -> Egypt | I10: =_xlfn.XLOOKUP(F10,Employees!$A:$A,Employees!$J:$J,"Not Found",0) -> West | K10: Bushraa | L10: =_xlfn.XLOOKUP(K10,Employees!$B:$B,Employees!$M:$M,"Not Found",0) -> 1 | M10: =_xlfn.XLOOKUP(K10,Employees!$B:$B,Employees!$H:$H,"Not Found",0) -> Facilities/Engineering | N10: =_xlfn.XLOOKUP(K10,Employees!$B:$B,Employees!$L:$L,"Not Found",0) -> 35832
A12: Q4: | F12: Q5: | K12: Q6:
A13: Operations management wants to identify employees working the most overtime. Using Vlookup, return the following: | F13: The HR department wants to review how long certain employees have been working at the company. Use Index and Match to retrieve the following information: | K13: The HR manager wants to investigate employee attendance Use Index and Match to retrieve the following information:
A14: Employee No | B14: Department | C14: Overtime Hours | D14: Job Rate | F14: Employee No | G14: Employee Name | H14: Start Date | I14: Years at the Company | K14: Employee No | L14: Employee Name | M14: Sick Leaves | N14: Unpaid Leaves
A15: 309 | B15: =VLOOKUP(A15,Employees_Data[#All],8,FALSE) -> Quality Control | C15: =VLOOKUP(A15,Employees_Data[#All],16,FALSE) -> 4 | D15: =VLOOKUP(A15,Employees_Data[#All],13,FALSE) -> 5 | F15: 37 | G15: {=INDEX(Employees!$D:$D,MATCH('Lookup Practice'!$F$15:$F$21,Employees!$A:$A,0))} -> Rima AlAsfar | H15: {=INDEX(Employees!$F:$F,MATCH('Lookup Practice'!$F$15:$F$21,Employees!$A:$A,0))} -> 42396 | I15: {=INDEX(Employees!$G:$G,MATCH('Lookup Practice'!$F$15:$F$21,Employees!$A:$A,0))} -> 10 | K15: 5 | L15: {=INDEX(Employees!$D:$D,MATCH('Lookup Practice'!$K$15:$K$21,Employees!$A:$A,0))} -> Ahmad Bikri | M15: {=INDEX(Employees!$N:$N,MATCH('Lookup Practice'!$K$15:$K$21,Employees!$A:$A,0))} -> 0 | N15: {=INDEX(Employees!$O:$O,MATCH('Lookup Practice'!$K$15:$K$21,Employees!$A:$A,0))} -> 5
A16: 66 | B16: =VLOOKUP(A16,Employees_Data[#All],8,FALSE) -> Manufacturing | C16: =VLOOKUP(A16,Employees_Data[#All],16,FALSE) -> 3 | D16: =VLOOKUP(A16,Employees_Data[#All],13,FALSE) -> 4.5 | F16: 1 | G16: Ghadir Hmshw | H16: 43194 | I16: 8 | K16: 35 | L16: Ahmad Swyd | M16: 1 | N16: 0
A17: 6 | B17: =VLOOKUP(A17,Employees_Data[#All],8,FALSE) -> Product Development | C17: =VLOOKUP(A17,Employees_Data[#All],16,FALSE) -> 8 | D17: =VLOOKUP(A17,Employees_Data[#All],13,FALSE) -> 3 | F17: 34 | G17: Eizat Ghanim | H17: 42907 | I17: 9 | K17: 267 | L17: Rannym Tyru | M17: 0 | N17: 0
A18: 32 | B18: =VLOOKUP(A18,Employees_Data[#All],8,FALSE) -> Environmental Compliance | C18: =VLOOKUP(A18,Employees_Data[#All],16,FALSE) -> 48 | D18: =VLOOKUP(A18,Employees_Data[#All],13,FALSE) -> 3 | F18: 55 | G18: Eubay Alttahir | H18: 42629 | I18: 10 | K18: 387 | L18: Lwy Abu | M18: 2 | N18: 0
A19: 22 | B19: =VLOOKUP(A19,Employees_Data[#All],8,FALSE) -> Manufacturing Admin | C19: =VLOOKUP(A19,Employees_Data[#All],16,FALSE) -> 109 | D19: =VLOOKUP(A19,Employees_Data[#All],13,FALSE) -> 3 | F19: 45 | G19: Ahmad Laylana | H19: 42701 | I19: 9 | K19: 88 | L19: Samah Almaydanii | M19: 0 | N19: 0
A20: 3 | B20: =VLOOKUP(A20,Employees_Data[#All],8,FALSE) -> Major Mfg Projects | C20: =VLOOKUP(A20,Employees_Data[#All],16,FALSE) -> 192 | D20: =VLOOKUP(A20,Employees_Data[#All],13,FALSE) -> 2 | F20: 5 | G20: Ahmad Bikri | H20: 43901 | I20: 6 | K20: 100 | L20: Lina Aljabr | M20: 0 | N20: 0
A21: 24 | B21: =VLOOKUP(A21,Employees_Data[#All],8,FALSE) -> Quality Assurance | C21: =VLOOKUP(A21,Employees_Data[#All],16,FALSE) -> 32 | D21: =VLOOKUP(A21,Employees_Data[#All],13,FALSE) -> 4.5 | F21: 67 | G21: Muhamad Jawish | H21: 43794 | I21: 6 | K21: 73 | L21: Shahad Shanan | M21: 0 | N21: 2

Sheet Significant Overtime
A1: Employee Name | B1: Overtime Hours | C1: Overtime Status
A2: =_xlfn.TEXTJOIN(" ",TRUE,Employees_Data[[#This Row],[First Name]],Employees_Data[[#This Row],[Last Name]]) -> Ghadir Hmshw | B2: 183 | C2: =IFERROR(IF(Significant_Overtime[[#This Row],[Overtime Hours]]>100,"High Overtime","Normal"),"Not Found") -> High Overtime
A3: =_xlfn.TEXTJOIN(" ",TRUE,Employees_Data[[#This Row],[First Name]],Employees_Data[[#This Row],[Last Name]]) -> Omar Hishan | B3: 198 | C3: =IFERROR(IF(Significant_Overtime[[#This Row],[Overtime Hours]]>100,"High Overtime","Normal"),"Not Found") -> High Overtime
A4: =_xlfn.TEXTJOIN(" ",TRUE,Employees_Data[[#This Row],[First Name]],Employees_Data[[#This Row],[Last Name]]) -> Ailya Sharaf | B4: 192 | C4: =IFERROR(IF(Significant_Overtime[[#This Row],[Overtime Hours]]>100,"High Overtime","Normal"),"Not Found") -> High Overtime
A5: =_xlfn.TEXTJOIN(" ",TRUE,Employees_Data[[#This Row],[First Name]],Employees_Data[[#This Row],[Last Name]]) -> Lwiy Qbany | B5: 7 | C5: =IFERROR(IF(Significant_Overtime[[#This Row],[Overtime Hours]]>100,"High Overtime","Normal"),"Not Found") -> Normal
A6: =_xlfn.TEXTJOIN(" ",TRUE,Employees_Data[[#This Row],[First Name]],Employees_Data[[#This Row],[Last Name]]) -> Ahmad Bikri | B6: 121 | C6: =IFERROR(IF(Significant_Overtime[[#This Row],[Overtime Hours]]>100,"High Overtime","Normal"),"Not Found") -> High Overtime
A7: =_xlfn.TEXTJOIN(" ",TRUE,Employees_Data[[#This Row],[First Name]],Employees_Data[[#This Row],[Last Name]]) -> Muhamad Zueitr | B7: 8 | C7: =IFERROR(IF(Significant_Overtime[[#This Row],[Overtime Hours]]>100,"High Overtime","Normal"),"Not Found") -> Normal
A8: =_xlfn.TEXTJOIN(" ",TRUE,Employees_Data[[#This Row],[First Name]],Employees_Data[[#This Row],[Last Name]]) -> Iin Alhalaliu | B8: 116 | C8: =IFERROR(IF(Significant_Overtime[[#This Row],[Overtime Hours]]>100,"High Overtime","Normal"),"Not Found") -> High Overtime
A9: =_xlfn.TEXTJOIN(" ",TRUE,Employees_Data[[#This Row],[First Name]],Employees_Data[[#This Row],[Last Name]]) -> Muhamad Alaya | B9: 7 | C9: =IFERROR(IF(Significant_Overtime[[#This Row],[Overtime Hours]]>100,"High Overtime","Normal"),"Not Found") -> Normal
A10: =_xlfn.TEXTJOIN(" ",TRUE,Employees_Data[[#This Row],[First Name]],Employees_Data[[#This Row],[Last Name]]) -> Susin Almilat | B10: 105 | C10: =IFERROR(IF(Significant_Overtime[[#This Row],[Overtime Hours]]>100,"High Overtime","Normal"),"Not Found") -> High Overtime
A11: =_xlfn.TEXTJOIN(" ",TRUE,Employees_Data[[#This Row],[First Name]],Employees_Data[[#This Row],[Last Name]]) -> Muhamad Alrifaei | B11: 153 | C11: =IFERROR(IF(Significant_Overtime[[#This Row],[Overtime Hours]]>100,"High Overtime","Normal"),"Not Found") -> High Overtime
A12: =_xlfn.TEXTJOIN(" ",TRUE,Employees_Data[[#This Row],[First Name]],Employees_Data[[#This Row],[Last Name]]) -> Muhamad Alqadah | B12: 12 | C12: =IFERROR(IF(Significant_Overtime[[#This Row],[Overtime Hours]]>100,"High Overtime","Normal"),"Not Found") -> Normal
A13: =_xlfn.TEXTJOIN(" ",TRUE,Employees_Data[[#This Row],[First Name]],Employees_Data[[#This Row],[Last Name]]) -> Muhamad Iad | B13: 70 | C13: =IFERROR(IF(Significant_Overtime[[#This Row],[Overtime Hours]]>100,"High Overtime","Normal"),"Not Found") -> Normal
... A690: =_xlfn.TEXTJOIN(" ",TRUE,Employees_Data[[#This Row],[First Name]],Employees_Data[[#This Row],[Last Name]]) -> Abd Albasit AlAhmar | B690: 0 | C690: =IFERROR(IF(Significant_Overtime[[#This Row],[Overtime Hours]]>100,"High Overtime","Normal"),"Not Found") -> Normal

Sheet Classify employees based on Mon
A1: Employee Name | B1: Monthly Salary | C1: Salary Category
A2: =_xlfn.TEXTJOIN(" ",TRUE,Employees_Data[[#This Row],[First Name]],Employees_Data[[#This Row],[Last Name]]) -> Ghadir Hmshw | B2: 1560 | C2: =IFERROR(IF(Salary_Category[[#This Row],[Monthly Salary]]>7000,"High",IF(AND(Salary_Category[[#This Row],[Monthly Salary]]>=4000,Salary_Category[[#This Row],[Monthly Salary]]<=7000),"Medium","Low")),"Not Found") -> Low
A3: =_xlfn.TEXTJOIN(" ",TRUE,Employees_Data[[#This Row],[First Name]],Employees_Data[[#This Row],[Last Name]]) -> Omar Hishan | B3: 3247 | C3: =IFERROR(IF(Salary_Category[[#This Row],[Monthly Salary]]>7000,"High",IF(AND(Salary_Category[[#This Row],[Monthly Salary]]>=4000,Salary_Category[[#This Row],[Monthly Salary]]<=7000),"Medium","Low")),"Not Found") -> Low
A4: =_xlfn.TEXTJOIN(" ",TRUE,Employees_Data[[#This Row],[First Name]],Employees_Data[[#This Row],[Last Name]]) -> Ailya Sharaf | B4: 2506 | C4: =IFERROR(IF(Salary_Category[[#This Row],[Monthly Salary]]>7000,"High",IF(AND(Salary_Category[[#This Row],[Monthly Salary]]>=4000,Salary_Category[[#This Row],[Monthly Salary]]<=7000),"Medium","Low")),"Not Found") -> Low
A5: =_xlfn.TEXTJOIN(" ",TRUE,Employees_Data[[#This Row],[First Name]],Employees_Data[[#This Row],[Last Name]]) -> Lwiy Qbany | B5: 1828 | C5: =IFERROR(IF(Salary_Category[[#This Row],[Monthly Salary]]>7000,"High",IF(AND(Salary_Category[[#This Row],[Monthly Salary]]>=4000,Salary_Category[[#This Row],[Monthly Salary]]<=7000),"Medium","Low")),"Not Found") -> Low
A6: =_xlfn.TEXTJOIN(" ",TRUE,Employees_Data[[#This Row],[First Name]],Employees_Data[[#This Row],[Last Name]]) -> Ahmad Bikri | B6: 970 | C6: =IFERROR(IF(Salary_Category[[#This Row],[Monthly Salary]]>7000,"High",IF(AND(Salary_Category[[#This Row],[Monthly Salary]]>=4000,Salary_Category[[#This Row],[Monthly Salary]]<=7000),"Medium","Low")),"Not Found") -> Low
A7: =_xlfn.TEXTJOIN(" ",TRUE,Employees_Data[[#This Row],[First Name]],Employees_Data[[#This Row],[Last Name]]) -> Muhamad Zueitr | B7: 2332 | C7: =IFERROR(IF(Salary_Category[[#This Row],[Monthly Salary]]>7000,"High",IF(AND(Salary_Category[[#This Row],[Monthly Salary]]>=4000,Salary_Category[[#This Row],[Monthly Salary]]<=7000),"Medium","Low")),"Not Found") -> Low
A8: =_xlfn.TEXTJOIN(" ",TRUE,Employees_Data[[#This Row],[First Name]],Employees_Data[[#This Row],[Last Name]]) -> Iin Alhalaliu | B8: 1959 | C8: =IFERROR(IF(Salary_Category[[#This Row],[Monthly Salary]]>7000,"High",IF(AND(Salary_Category[[#This Row],[Monthly Salary]]>=4000,Salary_Category[[#This Row],[Monthly Salary]]<=7000),"Medium","Low")),"Not Found") -> Low
A9: =_xlfn.TEXTJOIN(" ",TRUE,Employees_Data[[#This Row],[First Name]],Employees_Data[[#This Row],[Last Name]]) -> Muhamad Alaya | B9: 3394 | C9: =IFERROR(IF(Salary_Category[[#This Row],[Monthly Salary]]>7000,"High",IF(AND(Salary_Category[[#This Row],[Monthly Salary]]>=4000,Salary_Category[[#This Row],[Monthly Salary]]<=7000),"Medium","Low")),"Not Found") -> Low
A10: =_xlfn.TEXTJOIN(" ",TRUE,Employees_Data[[#This Row],[First Name]],Employees_Data[[#This Row],[Last Name]]) -> Susin Almilat | B10: 1479 | C10: =IFERROR(IF(Salary_Category[[#This Row],[Monthly Salary]]>7000,"High",IF(AND(Salary_Category[[#This Row],[Monthly Salary]]>=4000,Salary_Category[[#This Row],[Monthly Salary]]<=7000),"Medium","Low")),"Not Found") -> Low
A11: =_xlfn.TEXTJOIN(" ",TRUE,Employees_Data[[#This Row],[First Name]],Employees_Data[[#This Row],[Last Name]]) -> Muhamad Alrifaei | B11: 1186 | C11: =IFERROR(IF(Salary_Category[[#This Row],[Monthly Salary]]>7000,"High",IF(AND(Salary_Category[[#This Row],[Monthly Salary]]>=4000,Salary_Category[[#This Row],[Monthly Salary]]<=7000),"Medium","Low")),"Not Found") -> Low
A12: =_xlfn.TEXTJOIN(" ",TRUE,Employees_Data[[#This Row],[First Name]],Employees_Data[[#This Row],[Last Name]]) -> Muhamad Alqadah | B12: 1485 | C12: =IFERROR(IF(Salary_Category[[#This Row],[Monthly Salary]]>7000,"High",IF(AND(Salary_Category[[#This Row],[Monthly Salary]]>=4000,Salary_Category[[#This Row],[Monthly Salary]]<=7000),"Medium","Low")),"Not Found") -> Low
A13: =_xlfn.TEXTJOIN(" ",TRUE,Employees_Data[[#This Row],[First Name]],Employees_Data[[#This Row],[Last Name]]) -> Muhamad Iad | B13: 2016 | C13: =IFERROR(IF(Salary_Category[[#This Row],[Monthly Salary]]>7000,"High",IF(AND(Salary_Category[[#This Row],[Monthly Salary]]>=4000,Salary_Category[[#This Row],[Monthly Salary]]<=7000),"Medium","Low")),"Not Found") -> Low
... A690: =_xlfn.TEXTJOIN(" ",TRUE,Employees_Data[[#This Row],[First Name]],Employees_Data[[#This Row],[Last Name]]) -> Abd Albasit AlAhmar | B690: 2606 | C690: =IFERROR(IF(Salary_Category[[#This Row],[Monthly Salary]]>7000,"High",IF(AND(Salary_Category[[#This Row],[Monthly Salary]]>=4000,Salary_Category[[#This Row],[Monthly Salary]]<=7000),"Medium","Low")),"Not Found") -> Low

Sheet Experience Level
A1: Employee Name | B1: Years | C1: Experience Level
A2: =_xlfn.TEXTJOIN(" ",TRUE,Employees_Data[[#This Row],[First Name]],Employees_Data[[#This Row],[Last Name]]) -> Ghadir Hmshw | B2: =DATEDIF(Employees!$F2,TODAY(),"Y") -> 8 | C2: =IFERROR(IF(Experience_Level[[#This Row],[Years]]>=10,"Senior",IF(AND(Experience_Level[[#This Row],[Years]]>=5,Experience_Level[[#This Row],[Years]]<=9),"Mid-Level","Junior")),"Not Found") -> Mid-Level
A3: =_xlfn.TEXTJOIN(" ",TRUE,Employees_Data[[#This Row],[First Name]],Employees_Data[[#This Row],[Last Name]]) -> Omar Hishan | B3: =DATEDIF(Employees!$F3,TODAY(),"Y") -> 6 | C3: =IFERROR(IF(Experience_Level[[#This Row],[Years]]>=10,"Senior",IF(AND(Experience_Level[[#This Row],[Years]]>=5,Experience_Level[[#This Row],[Years]]<=9),"Mid-Level","Junior")),"Not Found") -> Mid-Level
A4: =_xlfn.TEXTJOIN(" ",TRUE,Employees_Data[[#This Row],[First Name]],Employees_Data[[#This Row],[Last Name]]) -> Ailya Sharaf | B4: =DATEDIF(Employees!$F4,TODAY(),"Y") -> 9 | C4: =IFERROR(IF(Experience_Level[[#This Row],[Years]]>=10,"Senior",IF(AND(Experience_Level[[#This Row],[Years]]>=5,Experience_Level[[#This Row],[Years]]<=9),"Mid-Level","Junior")),"Not Found") -> Mid-Level
A5: =_xlfn.TEXTJOIN(" ",TRUE,Employees_Data[[#This Row],[First Name]],Employees_Data[[#This Row],[Last Name]]) -> Lwiy Qbany | B5: =DATEDIF(Employees!$F5,TODAY(),"Y") -> 8 | C5: =IFERROR(IF(Experience_Level[[#This Row],[Years]]>=10,"Senior",IF(AND(Experience_Level[[#This Row],[Years]]>=5,Experience_Level[[#This Row],[Years]]<=9),"Mid-Level","Junior")),"Not Found") -> Mid-Level
A6: =_xlfn.TEXTJOIN(" ",TRUE,Employees_Data[[#This Row],[First Name]],Employees_Data[[#This Row],[Last Name]]) -> Ahmad Bikri | B6: =DATEDIF(Employees!$F6,TODAY(),"Y") -> 6 | C6: =IFERROR(IF(Experience_Level[[#This Row],[Years]]>=10,"Senior",IF(AND(Experience_Level[[#This Row],[Years]]>=5,Experience_Level[[#This Row],[Years]]<=9),"Mid-Level","Junior")),"Not Found") -> Mid-Level
A7: =_xlfn.TEXTJOIN(" ",TRUE,Employees_Data[[#This Row],[First Name]],Employees_Data[[#This Row],[Last Name]]) -> Muhamad Zueitr | B7: =DATEDIF(Employees!$F7,TODAY(),"Y") -> 10 | C7: =IFERROR(IF(Experience_Level[[#This Row],[Years]]>=10,"Senior",IF(AND(Experience_Level[[#This Row],[Years]]>=5,Experience_Level[[#This Row],[Years]]<=9),"Mid-Level","Junior")),"Not Found") -> Senior
A8: =_xlfn.TEXTJOIN(" ",TRUE,Employees_Data[[#This Row],[First Name]],Employees_Data[[#This Row],[Last Name]]) -> Iin Alhalaliu | B8: =DATEDIF(Employees!$F8,TODAY(),"Y") -> 6 | C8: =IFERROR(IF(Experience_Level[[#This Row],[Years]]>=10,"Senior",IF(AND(Experience_Level[[#This Row],[Years]]>=5,Experience_Level[[#This Row],[Years]]<=9),"Mid-Level","Junior")),"Not Found") -> Mid-Level
A9: =_xlfn.TEXTJOIN(" ",TRUE,Employees_Data[[#This Row],[First Name]],Employees_Data[[#This Row],[Last Name]]) -> Muhamad Alaya | B9: =DATEDIF(Employees!$F9,TODAY(),"Y") -> 8 | C9: =IFERROR(IF(Experience_Level[[#This Row],[Years]]>=10,"Senior",IF(AND(Experience_Level[[#This Row],[Years]]>=5,Experience_Level[[#This Row],[Years]]<=9),"Mid-Level","Junior")),"Not Found") -> Mid-Level
A10: =_xlfn.TEXTJOIN(" ",TRUE,Employees_Data[[#This Row],[First Name]],Employees_Data[[#This Row],[Last Name]]) -> Susin Almilat | B10: =DATEDIF(Employees!$F10,TODAY(),"Y") -> 8 | C10: =IFERROR(IF(Experience_Level[[#This Row],[Years]]>=10,"Senior",IF(AND(Experience_Level[[#This Row],[Years]]>=5,Experience_Level[[#This Row],[Years]]<=9),"Mid-Level","Junior")),"Not Found") -> Mid-Level
A11: =_xlfn.TEXTJOIN(" ",TRUE,Employees_Data[[#This Row],[First Name]],Employees_Data[[#This Row],[Last Name]]) -> Muhamad Alrifaei | B11: =DATEDIF(Employees!$F11,TODAY(),"Y") -> 6 | C11: =IFERROR(IF(Experience_Level[[#This Row],[Years]]>=10,"Senior",IF(AND(Experience_Level[[#This Row],[Years]]>=5,Experience_Level[[#This Row],[Years]]<=9),"Mid-Level","Junior")),"Not Found") -> Mid-Level
A12: =_xlfn.TEXTJOIN(" ",TRUE,Employees_Data[[#This Row],[First Name]],Employees_Data[[#This Row],[Last Name]]) -> Muhamad Alqadah | B12: =DATEDIF(Employees!$F12,TODAY(),"Y") -> 8 | C12: =IFERROR(IF(Experience_Level[[#This Row],[Years]]>=10,"Senior",IF(AND(Experience_Level[[#This Row],[Years]]>=5,Experience_Level[[#This Row],[Years]]<=9),"Mid-Level","Junior")),"Not Found") -> Mid-Level
A13: =_xlfn.TEXTJOIN(" ",TRUE,Employees_Data[[#This Row],[First Name]],Employees_Data[[#This Row],[Last Name]]) -> Muhamad Iad | B13: =DATEDIF(Employees!$F13,TODAY(),"Y") -> 8 | C13: =IFERROR(IF(Experience_Level[[#This Row],[Years]]>=10,"Senior",IF(AND(Experience_Level[[#This Row],[Years]]>=5,Experience_Level[[#This Row],[Years]]<=9),"Mid-Level","Junior")),"Not Found") -> Mid-Level
... A690: =_xlfn.TEXTJOIN(" ",TRUE,Employees_Data[[#This Row],[First Name]],Employees_Data[[#This Row],[Last Name]]) -> Abd Albasit AlAhmar | B690: =DATEDIF(Employees!$F690,TODAY(),"Y") -> 6 | C690: =IFERROR(IF(Experience_Level[[#This Row],[Years]]>=10,"Senior",IF(AND(Experience_Level[[#This Row],[Years]]>=5,Experience_Level[[#This Row],[Years]]<=9),"Mid-Level","Junior")),"Not Found") -> Mid-Level

Sheet Hardworking Employee
A1: Employee Name | B1: Years | C1: Overtime Hours | D1: Hardworking Employee
A2: =_xlfn.TEXTJOIN(" ",TRUE,Employees_Data[[#This Row],[First Name]],Employees_Data[[#This Row],[Last Name]]) -> Ghadir Hmshw | B2: =DATEDIF(Employees!$F2,TODAY(),"Y") -> 8 | C2: 183 | D2: =IFERROR(IF(AND(Hardworking_Employee[[#This Row],[Years]]>=5,Hardworking_Employee[[#This Row],[Overtime Hours]]>50),"Yes","No"),"Not Found") -> Yes
A3: =_xlfn.TEXTJOIN(" ",TRUE,Employees_Data[[#This Row],[First Name]],Employees_Data[[#This Row],[Last Name]]) -> Omar Hishan | B3: =DATEDIF(Employees!$F3,TODAY(),"Y") -> 6 | C3: 198 | D3: =IFERROR(IF(AND(Hardworking_Employee[[#This Row],[Years]]>=5,Hardworking_Employee[[#This Row],[Overtime Hours]]>50),"Yes","No"),"Not Found") -> Yes
A4: =_xlfn.TEXTJOIN(" ",TRUE,Employees_Data[[#This Row],[First Name]],Employees_Data[[#This Row],[Last Name]]) -> Ailya Sharaf | B4: =DATEDIF(Employees!$F4,TODAY(),"Y") -> 9 | C4: 192 | D4: =IFERROR(IF(AND(Hardworking_Employee[[#This Row],[Years]]>=5,Hardworking_Employee[[#This Row],[Overtime Hours]]>50),"Yes","No"),"Not Found") -> Yes
A5: =_xlfn.TEXTJOIN(" ",TRUE,Employees_Data[[#This Row],[First Name]],Employees_Data[[#This Row],[Last Name]]) -> Lwiy Qbany | B5: =DATEDIF(Employees!$F5,TODAY(),"Y") -> 8 | C5: 7 | D5: =IFERROR(IF(AND(Hardworking_Employee[[#This Row],[Years]]>=5,Hardworking_Employee[[#This Row],[Overtime Hours]]>50),"Yes","No"),"Not Found") -> No
A6: =_xlfn.TEXTJOIN(" ",TRUE,Employees_Data[[#This Row],[First Name]],Employees_Data[[#This Row],[Last Name]]) -> Ahmad Bikri | B6: =DATEDIF(Employees!$F6,TODAY(),"Y") -> 6 | C6: 121 | D6: =IFERROR(IF(AND(Hardworking_Employee[[#This Row],[Years]]>=5,Hardworking_Employee[[#This Row],[Overtime Hours]]>50),"Yes","No"),"Not Found") -> Yes
A7: =_xlfn.TEXTJOIN(" ",TRUE,Employees_Data[[#This Row],[First Name]],Employees_Data[[#This Row],[Last Name]]) -> Muhamad Zueitr | B7: =DATEDIF(Employees!$F7,TODAY(),"Y") -> 10 | C7: 8 | D7: =IFERROR(IF(AND(Hardworking_Employee[[#This Row],[Years]]>=5,Hardworking_Employee[[#This Row],[Overtime Hours]]>50),"Yes","No"),"Not Found") -> No
A8: =_xlfn.TEXTJOIN(" ",TRUE,Employees_Data[[#This Row],[First Name]],Employees_Data[[#This Row],[Last Name]]) -> Iin Alhalaliu | B8: =DATEDIF(Employees!$F8,TODAY(),"Y") -> 6 | C8: 116 | D8: =IFERROR(IF(AND(Hardworking_Employee[[#This Row],[Years]]>=5,Hardworking_Employee[[#This Row],[Overtime Hours]]>50),"Yes","No"),"Not Found") -> Yes
A9: =_xlfn.TEXTJOIN(" ",TRUE,Employees_Data[[#This Row],[First Name]],Employees_Data[[#This Row],[Last Name]]) -> Muhamad Alaya | B9: =DATEDIF(Employees!$F9,TODAY(),"Y") -> 8 | C9: 7 | D9: =IFERROR(IF(AND(Hardworking_Employee[[#This Row],[Years]]>=5,Hardworking_Employee[[#This Row],[Overtime Hours]]>50),"Yes","No"),"Not Found") -> No
A10: =_xlfn.TEXTJOIN(" ",TRUE,Employees_Data[[#This Row],[First Name]],Employees_Data[[#This Row],[Last Name]]) -> Susin Almilat | B10: =DATEDIF(Employees!$F10,TODAY(),"Y") -> 8 | C10: 105 | D10: =IFERROR(IF(AND(Hardworking_Employee[[#This Row],[Years]]>=5,Hardworking_Employee[[#This Row],[Overtime Hours]]>50),"Yes","No"),"Not Found") -> Yes
A11: =_xlfn.TEXTJOIN(" ",TRUE,Employees_Data[[#This Row],[First Name]],Employees_Data[[#This Row],[Last Name]]) -> Muhamad Alrifaei | B11: =DATEDIF(Employees!$F11,TODAY(),"Y") -> 6 | C11: 153 | D11: =IFERROR(IF(AND(Hardworking_Employee[[#This Row],[Years]]>=5,Hardworking_Employee[[#This Row],[Overtime Hours]]>50),"Yes","No"),"Not Found") -> Yes
A12: =_xlfn.TEXTJOIN(" ",TRUE,Employees_Data[[#This Row],[First Name]],Employees_Data[[#This Row],[Last Name]]) -> Muhamad Alqadah | B12: =DATEDIF(Employees!$F12,TODAY(),"Y") -> 8 | C12: 12 | D12: =IFERROR(IF(AND(Hardworking_Employee[[#This Row],[Years]]>=5,Hardworking_Employee[[#This Row],[Overtime Hours]]>50),"Yes","No"),"Not Found") -> No
A13: =_xlfn.TEXTJOIN(" ",TRUE,Employees_Data[[#This Row],[First Name]],Employees_Data[[#This Row],[Last Name]]) -> Muhamad Iad | B13: =DATEDIF(Employees!$F13,TODAY(),"Y") -> 8 | C13: 70 | D13: =IFERROR(IF(AND(Hardworking_Employee[[#This Row],[Years]]>=5,Hardworking_Employee[[#This Row],[Overtime Hours]]>50),"Yes","No"),"Not Found") -> Yes
... A690: =_xlfn.TEXTJOIN(" ",TRUE,Employees_Data[[#This Row],[First Name]],Employees_Data[[#This Row],[Last Name]]) -> Abd Albasit AlAhmar | B690: =DATEDIF(Employees!$F690,TODAY(),"Y") -> 6 | C690: 0 | D690: =IFERROR(IF(AND(Hardworking_Employee[[#This Row],[Years]]>=5,Hardworking_Employee[[#This Row],[Overtime Hours]]>50),"Yes","No"),"Not Found") -> No

Sheet Attendance Warning
A1: Employee Name | B1: Sick Leaves | C1: Unpaid Leaves | D1: Attendance Warning
A2: =_xlfn.TEXTJOIN(" ",TRUE,Employees_Data[[#This Row],[First Name]],Employees_Data[[#This Row],[Last Name]]) -> Ghadir Hmshw | B2: 1 | C2: 0 | D2: =IFERROR(IF(OR(Attendance_Warning[[#This Row],[Sick Leaves]]>3,Attendance_Warning[[#This Row],[Unpaid Leaves]]>3),"Warning","OK"),"Not Found") -> OK
A3: =_xlfn.TEXTJOIN(" ",TRUE,Employees_Data[[#This Row],[First Name]],Employees_Data[[#This Row],[Last Name]]) -> Omar Hishan | B3: 0 | C3: 5 | D3: =IFERROR(IF(OR(Attendance_Warning[[#This Row],[Sick Leaves]]>3,Attendance_Warning[[#This Row],[Unpaid Leaves]]>3),"Warning","OK"),"Not Found") -> Warning
A4: =_xlfn.TEXTJOIN(" ",TRUE,Employees_Data[[#This Row],[First Name]],Employees_Data[[#This Row],[Last Name]]) -> Ailya Sharaf | B4: 0 | C4: 3 | D4: =IFERROR(IF(OR(Attendance_Warning[[#This Row],[Sick Leaves]]>3,Attendance_Warning[[#This Row],[Unpaid Leaves]]>3),"Warning","OK"),"Not Found") -> OK
A5: =_xlfn.TEXTJOIN(" ",TRUE,Employees_Data[[#This Row],[First Name]],Employees_Data[[#This Row],[Last Name]]) -> Lwiy Qbany | B5: 0 | C5: 0 | D5: =IFERROR(IF(OR(Attendance_Warning[[#This Row],[Sick Leaves]]>3,Attendance_Warning[[#This Row],[Unpaid Leaves]]>3),"Warning","OK"),"Not Found") -> OK
A6: =_xlfn.TEXTJOIN(" ",TRUE,Employees_Data[[#This Row],[First Name]],Employees_Data[[#This Row],[Last Name]]) -> Ahmad Bikri | B6: 0 | C6: 5 | D6: =IFERROR(IF(OR(Attendance_Warning[[#This Row],[Sick Leaves]]>3,Attendance_Warning[[#This Row],[Unpaid Leaves]]>3),"Warning","OK"),"Not Found") -> Warning
A7: =_xlfn.TEXTJOIN(" ",TRUE,Employees_Data[[#This Row],[First Name]],Employees_Data[[#This Row],[Last Name]]) -> Muhamad Zueitr | B7: 3 | C7: 0 | D7: =IFERROR(IF(OR(Attendance_Warning[[#This Row],[Sick Leaves]]>3,Attendance_Warning[[#This Row],[Unpaid Leaves]]>3),"Warning","OK"),"Not Found") -> OK
A8: =_xlfn.TEXTJOIN(" ",TRUE,Employees_Data[[#This Row],[First Name]],Employees_Data[[#This Row],[Last Name]]) -> Iin Alhalaliu | B8: 6 | C8: 0 | D8: =IFERROR(IF(OR(Attendance_Warning[[#This Row],[Sick Leaves]]>3,Attendance_Warning[[#This Row],[Unpaid Leaves]]>3),"Warning","OK"),"Not Found") -> Warning
A9: =_xlfn.TEXTJOIN(" ",TRUE,Employees_Data[[#This Row],[First Name]],Employees_Data[[#This Row],[Last Name]]) -> Muhamad Alaya | B9: 0 | C9: 0 | D9: =IFERROR(IF(OR(Attendance_Warning[[#This Row],[Sick Leaves]]>3,Attendance_Warning[[#This Row],[Unpaid Leaves]]>3),"Warning","OK"),"Not Found") -> OK
A10: =_xlfn.TEXTJOIN(" ",TRUE,Employees_Data[[#This Row],[First Name]],Employees_Data[[#This Row],[Last Name]]) -> Susin Almilat | B10: 0 | C10: 0 | D10: =IFERROR(IF(OR(Attendance_Warning[[#This Row],[Sick Leaves]]>3,Attendance_Warning[[#This Row],[Unpaid Leaves]]>3),"Warning","OK"),"Not Found") -> OK
A11: =_xlfn.TEXTJOIN(" ",TRUE,Employees_Data[[#This Row],[First Name]],Employees_Data[[#This Row],[Last Name]]) -> Muhamad Alrifaei | B11: 1 | C11: 0 | D11: =IFERROR(IF(OR(Attendance_Warning[[#This Row],[Sick Leaves]]>3,Attendance_Warning[[#This Row],[Unpaid Leaves]]>3),"Warning","OK"),"Not Found") -> OK
A12: =_xlfn.TEXTJOIN(" ",TRUE,Employees_Data[[#This Row],[First Name]],Employees_Data[[#This Row],[Last Name]]) -> Muhamad Alqadah | B12: 5 | C12: 0 | D12: =IFERROR(IF(OR(Attendance_Warning[[#This Row],[Sick Leaves]]>3,Attendance_Warning[[#This Row],[Unpaid Leaves]]>3),"Warning","OK"),"Not Found") -> Warning
A13: =_xlfn.TEXTJOIN(" ",TRUE,Employees_Data[[#This Row],[First Name]],Employees_Data[[#This Row],[Last Name]]) -> Muhamad Iad | B13: 2 | C13: 0 | D13: =IFERROR(IF(OR(Attendance_Warning[[#This Row],[Sick Leaves]]>3,Attendance_Warning[[#This Row],[Unpaid Leaves]]>3),"Warning","OK"),"Not Found") -> OK
... A690: =_xlfn.TEXTJOIN(" ",TRUE,Employees_Data[[#This Row],[First Name]],Employees_Data[[#This Row],[Last Name]]) -> Abd Albasit AlAhmar | B690: 0 | C690: 0 | D690: =IFERROR(IF(OR(Attendance_Warning[[#This Row],[Sick Leaves]]>3,Attendance_Warning[[#This Row],[Unpaid Leaves]]>3),"Warning","OK"),"Not Found") -> OK

Sheet Bonus Eligibility
A1: Employee Name | B1: Years | C1: Job Rate | D1: Overtime Hours | E1: Monthly Salary | F1: Bonus Eligibility
A2: =_xlfn.TEXTJOIN(" ",TRUE,Employees_Data[[#This Row],[First Name]],Employees_Data[[#This Row],[Last Name]]) -> Ghadir Hmshw | B2: =DATEDIF(Employees!$F2,TODAY(),"Y") -> 8 | C2: 3 | D2: 183 | E2: 1560 | F2: =IFERROR(IF(AND(Bonus_Eligibility[[#This Row],[Years]]>=5,Bonus_Eligibility[[#This Row],[Job Rate]]>=3,OR(Bonus_Eligibility[[#This Row],[Overtime Hours]]>50,Bonus_Eligibility[[#This Row],[Monthly Salary]]>7000)),"Eligible","Not Eligible"),"Not Found") -> Eligible
A3: =_xlfn.TEXTJOIN(" ",TRUE,Employees_Data[[#This Row],[First Name]],Employees_Data[[#This Row],[Last Name]]) -> Omar Hishan | B3: =DATEDIF(Employees!$F3,TODAY(),"Y") -> 6 | C3: 1 | D3: 198 | E3: 3247 | F3: =IFERROR(IF(AND(Bonus_Eligibility[[#This Row],[Years]]>=5,Bonus_Eligibility[[#This Row],[Job Rate]]>=3,OR(Bonus_Eligibility[[#This Row],[Overtime Hours]]>50,Bonus_Eligibility[[#This Row],[Monthly Salary]]>7000)),"Eligible","Not Eligible"),"Not Found") -> Not Eligible
A4: =_xlfn.TEXTJOIN(" ",TRUE,Employees_Data[[#This Row],[First Name]],Employees_Data[[#This Row],[Last Name]]) -> Ailya Sharaf | B4: =DATEDIF(Employees!$F4,TODAY(),"Y") -> 9 | C4: 2 | D4: 192 | E4: 2506 | F4: =IFERROR(IF(AND(Bonus_Eligibility[[#This Row],[Years]]>=5,Bonus_Eligibility[[#This Row],[Job Rate]]>=3,OR(Bonus_Eligibility[[#This Row],[Overtime Hours]]>50,Bonus_Eligibility[[#This Row],[Monthly Salary]]>7000)),"Eligible","Not Eligible"),"Not Found") -> Not Eligible
A5: =_xlfn.TEXTJOIN(" ",TRUE,Employees_Data[[#This Row],[First Name]],Employees_Data[[#This Row],[Last Name]]) -> Lwiy Qbany | B5: =DATEDIF(Employees!$F5,TODAY(),"Y") -> 8 | C5: 3 | D5: 7 | E5: 1828 | F5: =IFERROR(IF(AND(Bonus_Eligibility[[#This Row],[Years]]>=5,Bonus_Eligibility[[#This Row],[Job Rate]]>=3,OR(Bonus_Eligibility[[#This Row],[Overtime Hours]]>50,Bonus_Eligibility[[#This Row],[Monthly Salary]]>7000)),"Eligible","Not Eligible"),"Not Found") -> Not Eligible
A6: =_xlfn.TEXTJOIN(" ",TRUE,Employees_Data[[#This Row],[First Name]],Employees_Data[[#This Row],[Last Name]]) -> Ahmad Bikri | B6: =DATEDIF(Employees!$F6,TODAY(),"Y") -> 6 | C6: 5 | D6: 121 | E6: 970 | F6: =IFERROR(IF(AND(Bonus_Eligibility[[#This Row],[Years]]>=5,Bonus_Eligibility[[#This Row],[Job Rate]]>=3,OR(Bonus_Eligibility[[#This Row],[Overtime Hours]]>50,Bonus_Eligibility[[#This Row],[Monthly Salary]]>7000)),"Eligible","Not Eligible"),"Not Found") -> Eligible
A7: =_xlfn.TEXTJOIN(" ",TRUE,Employees_Data[[#This Row],[First Name]],Employees_Data[[#This Row],[Last Name]]) -> Muhamad Zueitr | B7: =DATEDIF(Employees!$F7,TODAY(),"Y") -> 10 | C7: 3 | D7: 8 | E7: 2332 | F7: =IFERROR(IF(AND(Bonus_Eligibility[[#This Row],[Years]]>=5,Bonus_Eligibility[[#This Row],[Job Rate]]>=3,OR(Bonus_Eligibility[[#This Row],[Overtime Hours]]>50,Bonus_Eligibility[[#This Row],[Monthly Salary]]>7000)),"Eligible","Not Eligible"),"Not Found") -> Not Eligible
A8: =_xlfn.TEXTJOIN(" ",TRUE,Employees_Data[[#This Row],[First Name]],Employees_Data[[#This Row],[Last Name]]) -> Iin Alhalaliu | B8: =DATEDIF(Employees!$F8,TODAY(),"Y") -> 6 | C8: 3 | D8: 116 | E8: 1959 | F8: =IFERROR(IF(AND(Bonus_Eligibility[[#This Row],[Years]]>=5,Bonus_Eligibility[[#This Row],[Job Rate]]>=3,OR(Bonus_Eligibility[[#This Row],[Overtime Hours]]>50,Bonus_Eligibility[[#This Row],[Monthly Salary]]>7000)),"Eligible","Not Eligible"),"Not Found") -> Eligible
A9: =_xlfn.TEXTJOIN(" ",TRUE,Employees_Data[[#This Row],[First Name]],Employees_Data[[#This Row],[Last Name]]) -> Muhamad Alaya | B9: =DATEDIF(Employees!$F9,TODAY(),"Y") -> 8 | C9: 5 | D9: 7 | E9: 3394 | F9: =IFERROR(IF(AND(Bonus_Eligibility[[#This Row],[Years]]>=5,Bonus_Eligibility[[#This Row],[Job Rate]]>=3,OR(Bonus_Eligibility[[#This Row],[Overtime Hours]]>50,Bonus_Eligibility[[#This Row],[Monthly Salary]]>7000)),"Eligible","Not Eligible"),"Not Found") -> Not Eligible
A10: =_xlfn.TEXTJOIN(" ",TRUE,Employees_Data[[#This Row],[First Name]],Employees_Data[[#This Row],[Last Name]]) -> Susin Almilat | B10: =DATEDIF(Employees!$F10,TODAY(),"Y") -> 8 | C10: 4.5 | D10: 105 | E10: 1479 | F10: =IFERROR(IF(AND(Bonus_Eligibility[[#This Row],[Years]]>=5,Bonus_Eligibility[[#This Row],[Job Rate]]>=3,OR(Bonus_Eligibility[[#This Row],[Overtime Hours]]>50,Bonus_Eligibility[[#This Row],[Monthly Salary]]>7000)),"Eligible","Not Eligible"),"Not Found") -> Eligible
A11: =_xlfn.TEXTJOIN(" ",TRUE,Employees_Data[[#This Row],[First Name]],Employees_Data[[#This Row],[Last Name]]) -> Muhamad Alrifaei | B11: =DATEDIF(Employees!$F11,TODAY(),"Y") -> 6 | C11: 4.5 | D11: 153 | E11: 1186 | F11: =IFERROR(IF(AND(Bonus_Eligibility[[#This Row],[Years]]>=5,Bonus_Eligibility[[#This Row],[Job Rate]]>=3,OR(Bonus_Eligibility[[#This Row],[Overtime Hours]]>50,Bonus_Eligibility[[#This Row],[Monthly Salary]]>7000)),"Eligible","Not Eligible"),"Not Found") -> Eligible
A12: =_xlfn.TEXTJOIN(" ",TRUE,Employees_Data[[#This Row],[First Name]],Employees_Data[[#This Row],[Last Name]]) -> Muhamad Alqadah | B12: =DATEDIF(Employees!$F12,TODAY(),"Y") -> 8 | C12: 2 | D12: 12 | E12: 1485 | F12: =IFERROR(IF(AND(Bonus_Eligibility[[#This Row],[Years]]>=5,Bonus_Eligibility[[#This Row],[Job Rate]]>=3,OR(Bonus_Eligibility[[#This Row],[Overtime Hours]]>50,Bonus_Eligibility[[#This Row],[Monthly Salary]]>7000)),"Eligible","Not Eligible"),"Not Found") -> Not Eligible
A13: =_xlfn.TEXTJOIN(" ",TRUE,Employees_Data[[#This Row],[First Name]],Employees_Data[[#This Row],[Last Name]]) -> Muhamad Iad | B13: =DATEDIF(Employees!$F13,TODAY(),"Y") -> 8 | C13: 1 | D13: 70 | E13: 2016 | F13: =IFERROR(IF(AND(Bonus_Eligibility[[#This Row],[Years]]>=5,Bonus_Eligibility[[#This Row],[Job Rate]]>=3,OR(Bonus_Eligibility[[#This Row],[Overtime Hours]]>50,Bonus_Eligibility[[#This Row],[Monthly Salary]]>7000)),"Eligible","Not Eligible"),"Not Found") -> Not Eligible
... A690: =_xlfn.TEXTJOIN(" ",TRUE,Employees_Data[[#This Row],[First Name]],Employees_Data[[#This Row],[Last Name]]) -> Abd Albasit AlAhmar | B690: =DATEDIF(Employees!$F690,TODAY(),"Y") -> 6 | C690: 5 | D690: 0 | E690: 2606 | F690: =IFERROR(IF(AND(Bonus_Eligibility[[#This Row],[Years]]>=5,Bonus_Eligibility[[#This Row],[Job Rate]]>=3,OR(Bonus_Eligibility[[#This Row],[Overtime Hours]]>50,Bonus_Eligibility[[#This Row],[Monthly Salary]]>7000)),"Eligible","Not Eligible"),"Not Found") -> Not Eligible
